char,count
Š,3
6,4
7,4
8,4
9,4
0,4
4,6
5,6
3,7
¯,8
«,8
Â,14
W,18
2,19
K,20
1,25
ˆ,28
[,48
],48
§,55
¹,55
´,76
»,89
®,108
¢,137
(,206
),206
:,254
Y,313
ª,336
¨,338
‰,355
_,400
X,422
;,472
?,474
Z,628
 ,639
!,666
B,1270
F,1429
H,1595
G,1632
J,1690
Q,1875
',1912
©,2138
,,2466
V,2965
.,3258
P,3480
-,3651
Ã,4359
C,4362
D,4646
M,4892
L,7666
T,8890
R,8977
U,8987
N,9458
I,9835
A,9974
O,10218
S,11502
E,22006
